,topic,topic_url,username,repo_name,stars,repo_url
0,3D,https://github.com//topics/3d,mrdoob,three.js,83800,https://github.com//mrdoob/three.js
1,3D,https://github.com//topics/3d,libgdx,libgdx,20200,https://github.com//libgdx/libgdx
2,3D,https://github.com//topics/3d,pmndrs,react-three-fiber,18800,https://github.com//pmndrs/react-three-fiber
3,3D,https://github.com//topics/3d,BabylonJS,Babylon.js,17900,https://github.com//BabylonJS/Babylon.js
4,3D,https://github.com//topics/3d,aframevr,aframe,14400,https://github.com//aframevr/aframe
5,3D,https://github.com//topics/3d,ssloy,tinyrenderer,14200,https://github.com//ssloy/tinyrenderer
6,3D,https://github.com//topics/3d,lettier,3d-game-shaders-for-beginners,13400,https://github.com//lettier/3d-game-shaders-for-beginners
7,3D,https://github.com//topics/3d,FreeCAD,FreeCAD,11800,https://github.com//FreeCAD/FreeCAD
8,3D,https://github.com//topics/3d,metafizzy,zdog,9200,https://github.com//metafizzy/zdog
9,3D,https://github.com//topics/3d,CesiumGS,cesium,9000,https://github.com//CesiumGS/cesium
10,3D,https://github.com//topics/3d,timzhang642,3D-Machine-Learning,8100,https://github.com//timzhang642/3D-Machine-Learning
11,3D,https://github.com//topics/3d,a1studmuffin,SpaceshipGenerator,7200,https://github.com//a1studmuffin/SpaceshipGenerator
12,3D,https://github.com//topics/3d,isl-org,Open3D,7100,https://github.com//isl-org/Open3D
13,3D,https://github.com//topics/3d,blender,blender,6100,https://github.com//blender/blender
14,3D,https://github.com//topics/3d,domlysz,BlenderGIS,5400,https://github.com//domlysz/BlenderGIS
15,3D,https://github.com//topics/3d,spritejs,spritejs,4900,https://github.com//spritejs/spritejs
16,3D,https://github.com//topics/3d,openscad,openscad,4900,https://github.com//openscad/openscad
17,3D,https://github.com//topics/3d,tensorspace-team,tensorspace,4700,https://github.com//tensorspace-team/tensorspace
18,3D,https://github.com//topics/3d,jagenjo,webglstudio.js,4700,https://github.com//jagenjo/webglstudio.js
19,3D,https://github.com//topics/3d,YadiraF,PRNet,4600,https://github.com//YadiraF/PRNet
20,3D,https://github.com//topics/3d,google,model-viewer,4500,https://github.com//google/model-viewer
21,3D,https://github.com//topics/3d,AaronJackson,vrn,4400,https://github.com//AaronJackson/vrn
22,3D,https://github.com//topics/3d,ssloy,tinyraytracer,4200,https://github.com//ssloy/tinyraytracer
23,3D,https://github.com//topics/3d,FyroxEngine,Fyrox,4200,https://github.com//FyroxEngine/Fyrox
24,3D,https://github.com//topics/3d,mosra,magnum,4100,https://github.com//mosra/magnum
25,3D,https://github.com//topics/3d,tengbao,vanta,3900,https://github.com//tengbao/vanta
26,3D,https://github.com//topics/3d,gfxfundamentals,webgl-fundamentals,3700,https://github.com//gfxfundamentals/webgl-fundamentals
27,3D,https://github.com//topics/3d,cleardusk,3DDFA,3300,https://github.com//cleardusk/3DDFA
28,3D,https://github.com//topics/3d,jasonlong,isometric-contributions,3200,https://github.com//jasonlong/isometric-contributions
29,3D,https://github.com//topics/3d,cnr-isti-vclab,meshlab,3100,https://github.com//cnr-isti-vclab/meshlab
30,Ajax,https://github.com//topics/ajax,ljianshu,Blog,7200,https://github.com//ljianshu/Blog
31,Ajax,https://github.com//topics/ajax,metafizzy,infinite-scroll,7100,https://github.com//metafizzy/infinite-scroll
32,Ajax,https://github.com//topics/ajax,developit,unfetch,5400,https://github.com//developit/unfetch
33,Ajax,https://github.com//topics/ajax,jquery-form,form,5100,https://github.com//jquery-form/form
34,Ajax,https://github.com//topics/ajax,olifolkerd,tabulator,4800,https://github.com//olifolkerd/tabulator
35,Ajax,https://github.com//topics/ajax,Studio-42,elFinder,4300,https://github.com//Studio-42/elFinder
36,Ajax,https://github.com//topics/ajax,ded,reqwest,2900,https://github.com//ded/reqwest
37,Ajax,https://github.com//topics/ajax,dwyl,learn-to-send-email-via-google-script-html-no-server,2800,https://github.com//dwyl/learn-to-send-email-via-google-script-html-no-server
38,Ajax,https://github.com//topics/ajax,elbywan,wretch,2400,https://github.com//elbywan/wretch
39,Ajax,https://github.com//topics/ajax,LeaVerou,bliss,2400,https://github.com//LeaVerou/bliss
40,Ajax,https://github.com//topics/ajax,wendux,ajax-hook,2100,https://github.com//wendux/ajax-hook
41,Ajax,https://github.com//topics/ajax,yisainan,web-interview,2100,https://github.com//yisainan/web-interview
42,Ajax,https://github.com//topics/ajax,noelboss,featherlight,2100,https://github.com//noelboss/featherlight
43,Ajax,https://github.com//topics/ajax,craftpip,jquery-confirm,1800,https://github.com//craftpip/jquery-confirm
44,Ajax,https://github.com//topics/ajax,ptaoussanis,sente,1600,https://github.com//ptaoussanis/sente
45,Ajax,https://github.com//topics/ajax,nette,tracy,1500,https://github.com//nette/tracy
46,Ajax,https://github.com//topics/ajax,joaomilho,Enterprise,1500,https://github.com//joaomilho/Enterprise
47,Ajax,https://github.com//topics/ajax,loadingio,css-spinner,1400,https://github.com//loadingio/css-spinner
48,Ajax,https://github.com//topics/ajax,codingforentrepreneurs,eCommerce,1300,https://github.com//codingforentrepreneurs/eCommerce
49,Ajax,https://github.com//topics/ajax,k8w,tsrpc,1200,https://github.com//k8w/tsrpc
50,Ajax,https://github.com//topics/ajax,danielm,uploader,1100,https://github.com//danielm/uploader
51,Ajax,https://github.com//topics/ajax,swlib,saber,960,https://github.com//swlib/saber
52,Ajax,https://github.com//topics/ajax,proyecto26,RestClient,951,https://github.com//proyecto26/RestClient
53,Ajax,https://github.com//topics/ajax,opensource-socialnetwork,opensource-socialnetwork,877,https://github.com//opensource-socialnetwork/opensource-socialnetwork
54,Ajax,https://github.com//topics/ajax,webcreate,infinite-ajax-scroll,863,https://github.com//webcreate/infinite-ajax-scroll
55,Ajax,https://github.com//topics/ajax,rapidjs,rapid.js,710,https://github.com//rapidjs/rapid.js
56,Ajax,https://github.com//topics/ajax,karosLi,KKJSBridge,592,https://github.com//karosLi/KKJSBridge
57,Ajax,https://github.com//topics/ajax,cferdinandi,atomic,539,https://github.com//cferdinandi/atomic
58,Ajax,https://github.com//topics/ajax,GoogTech,sms-ssm,524,https://github.com//GoogTech/sms-ssm
59,Ajax,https://github.com//topics/ajax,dashborg,hibiki,423,https://github.com//dashborg/hibiki
60,Algorithm,https://github.com//topics/algorithm,jwasham,coding-interview-university,226000,https://github.com//jwasham/coding-interview-university
61,Algorithm,https://github.com//topics/algorithm,CyC2018,CS-Notes,155000,https://github.com//CyC2018/CS-Notes
62,Algorithm,https://github.com//topics/algorithm,trekhleb,javascript-algorithms,146000,https://github.com//trekhleb/javascript-algorithms
63,Algorithm,https://github.com//topics/algorithm,TheAlgorithms,Python,141000,https://github.com//TheAlgorithms/Python
64,Algorithm,https://github.com//topics/algorithm,yangshun,tech-interview-handbook,74800,https://github.com//yangshun/tech-interview-handbook
65,Algorithm,https://github.com//topics/algorithm,kdn251,interviews,57700,https://github.com//kdn251/interviews
66,Algorithm,https://github.com//topics/algorithm,azl397985856,leetcode,48800,https://github.com//azl397985856/leetcode
67,Algorithm,https://github.com//topics/algorithm,TheAlgorithms,Java,47000,https://github.com//TheAlgorithms/Java
68,Algorithm,https://github.com//topics/algorithm,algorithm-visualizer,algorithm-visualizer,38000,https://github.com//algorithm-visualizer/algorithm-visualizer
69,Algorithm,https://github.com//topics/algorithm,youngyangyang04,leetcode-master,29700,https://github.com//youngyangyang04/leetcode-master
70,Algorithm,https://github.com//topics/algorithm,crossoverJie,JCSprout,26700,https://github.com//crossoverJie/JCSprout
71,Algorithm,https://github.com//topics/algorithm,halfrost,LeetCode-Go,26000,https://github.com//halfrost/LeetCode-Go
72,Algorithm,https://github.com//topics/algorithm,donnemartin,interactive-coding-challenges,25800,https://github.com//donnemartin/interactive-coding-challenges
73,Algorithm,https://github.com//topics/algorithm,huihut,interview,25000,https://github.com//huihut/interview
74,Algorithm,https://github.com//topics/algorithm,keon,algorithms,21300,https://github.com//keon/algorithms
75,Algorithm,https://github.com//topics/algorithm,TheAlgorithms,JavaScript,21200,https://github.com//TheAlgorithms/JavaScript
76,Algorithm,https://github.com//topics/algorithm,TheAlgorithms,C-Plus-Plus,20200,https://github.com//TheAlgorithms/C-Plus-Plus
77,Algorithm,https://github.com//topics/algorithm,trekhleb,homemade-machine-learning,19500,https://github.com//trekhleb/homemade-machine-learning
78,Algorithm,https://github.com//topics/algorithm,mxgmn,WaveFunctionCollapse,19400,https://github.com//mxgmn/WaveFunctionCollapse
79,Algorithm,https://github.com//topics/algorithm,AtsushiSakai,PythonRobotics,15700,https://github.com//AtsushiSakai/PythonRobotics
80,Algorithm,https://github.com//topics/algorithm,greyireland,algorithm-pattern,13600,https://github.com//greyireland/algorithm-pattern
81,Algorithm,https://github.com//topics/algorithm,williamfiset,Algorithms,13100,https://github.com//williamfiset/Algorithms
82,Algorithm,https://github.com//topics/algorithm,OpenGenus,cosmos,13000,https://github.com//OpenGenus/cosmos
83,Algorithm,https://github.com//topics/algorithm,halfrost,Halfrost-Field,11300,https://github.com//halfrost/Halfrost-Field
84,Algorithm,https://github.com//topics/algorithm,apachecn,apachecn-algo-zh,10600,https://github.com//apachecn/apachecn-algo-zh
85,Algorithm,https://github.com//topics/algorithm,lnishan,awesome-competitive-programming,10000,https://github.com//lnishan/awesome-competitive-programming
86,Algorithm,https://github.com//topics/algorithm,Blankj,awesome-java-leetcode,8400,https://github.com//Blankj/awesome-java-leetcode
87,Algorithm,https://github.com//topics/algorithm,gyoogle,tech-interview-for-developer,7700,https://github.com//gyoogle/tech-interview-for-developer
88,Algorithm,https://github.com//topics/algorithm,jeffgerickson,algorithms,7600,https://github.com//jeffgerickson/algorithms
89,Algorithm,https://github.com//topics/algorithm,mgechev,javascript-algorithms,7500,https://github.com//mgechev/javascript-algorithms
90,Amp,https://github.com//topics/amphp,amphp,amp,3600,https://github.com//amphp/amp
91,Amp,https://github.com//topics/amphp,danog,MadelineProto,2000,https://github.com//danog/MadelineProto
92,Amp,https://github.com//topics/amphp,amphp,http-server,1200,https://github.com//amphp/http-server
93,Amp,https://github.com//topics/amphp,unreal4u,telegram-api,724,https://github.com//unreal4u/telegram-api
94,Amp,https://github.com//topics/amphp,amphp,http-client,617,https://github.com//amphp/http-client
95,Amp,https://github.com//topics/amphp,amphp,parallel,589,https://github.com//amphp/parallel
96,Amp,https://github.com//topics/amphp,php-service-bus,service-bus,322,https://github.com//php-service-bus/service-bus
97,Amp,https://github.com//topics/amphp,amphp,byte-stream,294,https://github.com//amphp/byte-stream
98,Amp,https://github.com//topics/amphp,amphp,mysql,278,https://github.com//amphp/mysql
99,Amp,https://github.com//topics/amphp,amphp,parallel-functions,226,https://github.com//amphp/parallel-functions
100,Amp,https://github.com//topics/amphp,amphp,process,183,https://github.com//amphp/process
101,Amp,https://github.com//topics/amphp,amphp,socket,167,https://github.com//amphp/socket
102,Amp,https://github.com//topics/amphp,amphp,redis,129,https://github.com//amphp/redis
103,Amp,https://github.com//topics/amphp,amphp,dns,122,https://github.com//amphp/dns
104,Amp,https://github.com//topics/amphp,kelunik,acme,112,https://github.com//kelunik/acme
105,Amp,https://github.com//topics/amphp,amphp,sync,112,https://github.com//amphp/sync
106,Amp,https://github.com//topics/amphp,amphp,websocket-client,104,https://github.com//amphp/websocket-client
107,Amp,https://github.com//topics/amphp,PeeHaa,mailgrab,92,https://github.com//PeeHaa/mailgrab
108,Amp,https://github.com//topics/amphp,amphp,websocket-server,78,https://github.com//amphp/websocket-server
109,Amp,https://github.com//topics/amphp,amphp,file,74,https://github.com//amphp/file
110,Amp,https://github.com//topics/amphp,jolicode,asynit,73,https://github.com//jolicode/asynit
111,Amp,https://github.com//topics/amphp,amphp,cache,78,https://github.com//amphp/cache
112,Amp,https://github.com//topics/amphp,amphp,serialization,77,https://github.com//amphp/serialization
113,Amp,https://github.com//topics/amphp,amphp,postgres,63,https://github.com//amphp/postgres
114,Amp,https://github.com//topics/amphp,amphp,windows-registry,73,https://github.com//amphp/windows-registry
115,Amp,https://github.com//topics/amphp,amphp,hpack,72,https://github.com//amphp/hpack
116,Amp,https://github.com//topics/amphp,amphp,beanstalk,59,https://github.com//amphp/beanstalk
117,Amp,https://github.com//topics/amphp,phpinnacle,ridge,47,https://github.com//phpinnacle/ridge
118,Amp,https://github.com//topics/amphp,amphp,aerys,45,https://github.com//amphp/aerys
119,Amp,https://github.com//topics/amphp,wind-framework,wind-framework,42,https://github.com//wind-framework/wind-framework
120,Android,https://github.com//topics/android,flutter,flutter,143000,https://github.com//flutter/flutter
121,Android,https://github.com//topics/android,justjavac,free-programming-books-zh_CN,94500,https://github.com//justjavac/free-programming-books-zh_CN
122,Android,https://github.com//topics/android,Genymobile,scrcpy,68000,https://github.com//Genymobile/scrcpy
123,Android,https://github.com//topics/android,Hack-with-Github,Awesome-Hacking,53500,https://github.com//Hack-with-Github/Awesome-Hacking
124,Android,https://github.com//topics/android,google,material-design-icons,46200,https://github.com//google/material-design-icons
125,Android,https://github.com//topics/android,wasabeef,awesome-android-ui,43200,https://github.com//wasabeef/awesome-android-ui
126,Android,https://github.com//topics/android,square,okhttp,42500,https://github.com//square/okhttp
127,Android,https://github.com//topics/android,Solido,awesome-flutter,41700,https://github.com//Solido/awesome-flutter
128,Android,https://github.com//topics/android,android,architecture-samples,41200,https://github.com//android/architecture-samples
129,Android,https://github.com//topics/android,square,retrofit,40300,https://github.com//square/retrofit
130,Android,https://github.com//topics/android,dcloudio,uni-app,36900,https://github.com//dcloudio/uni-app
131,Android,https://github.com//topics/android,fastlane,fastlane,35600,https://github.com//fastlane/fastlane
132,Android,https://github.com//topics/android,PhilJay,MPAndroidChart,35400,https://github.com//PhilJay/MPAndroidChart
133,Android,https://github.com//topics/android,airbnb,lottie-android,33000,https://github.com//airbnb/lottie-android
134,Android,https://github.com//topics/android,bumptech,glide,32800,https://github.com//bumptech/glide
135,Android,https://github.com//topics/android,shadowsocks,shadowsocks-android,32700,https://github.com//shadowsocks/shadowsocks-android
136,Android,https://github.com//topics/android,Blankj,AndroidUtilCode,31100,https://github.com//Blankj/AndroidUtilCode
137,Android,https://github.com//topics/android,Trinea,android-open-project,31000,https://github.com//Trinea/android-open-project
138,Android,https://github.com//topics/android,skylot,jadx,31000,https://github.com//skylot/jadx
139,Android,https://github.com//topics/android,xitu,gold-miner,31000,https://github.com//xitu/gold-miner
140,Android,https://github.com//topics/android,laurent22,joplin,30800,https://github.com//laurent22/joplin
141,Android,https://github.com//topics/android,bilibili,ijkplayer,30600,https://github.com//bilibili/ijkplayer
142,Android,https://github.com//topics/android,zxing,zxing,29800,https://github.com//zxing/zxing
143,Android,https://github.com//topics/android,codepath,android_guides,27900,https://github.com//codepath/android_guides
144,Android,https://github.com//topics/android,square,leakcanary,27700,https://github.com//square/leakcanary
145,Android,https://github.com//topics/android,alibaba,fastjson,24800,https://github.com//alibaba/fastjson
146,Android,https://github.com//topics/android,appwrite,appwrite,23800,https://github.com//appwrite/appwrite
147,Android,https://github.com//topics/android,scwang90,SmartRefreshLayout,23700,https://github.com//scwang90/SmartRefreshLayout
148,Android,https://github.com//topics/android,CymChad,BaseRecyclerViewAdapterHelper,23000,https://github.com//CymChad/BaseRecyclerViewAdapterHelper
149,Android,https://github.com//topics/android,react-native-elements,react-native-elements,22600,https://github.com//react-native-elements/react-native-elements
150,Angular,https://github.com//topics/angular,justjavac,free-programming-books-zh_CN,94500,https://github.com//justjavac/free-programming-books-zh_CN
151,Angular,https://github.com//topics/angular,angular,angular,82800,https://github.com//angular/angular
152,Angular,https://github.com//topics/angular,storybookjs,storybook,72900,https://github.com//storybookjs/storybook
153,Angular,https://github.com//topics/angular,leonardomso,33-js-concepts,50100,https://github.com//leonardomso/33-js-concepts
154,Angular,https://github.com//topics/angular,ionic-team,ionic-framework,47700,https://github.com//ionic-team/ionic-framework
155,Angular,https://github.com//topics/angular,prettier,prettier,43400,https://github.com//prettier/prettier
156,Angular,https://github.com//topics/angular,SheetJS,sheetjs,30700,https://github.com//SheetJS/sheetjs
157,Angular,https://github.com//topics/angular,angular,angular-cli,25500,https://github.com//angular/angular-cli
158,Angular,https://github.com//topics/angular,angular,components,22800,https://github.com//angular/components
159,Angular,https://github.com//topics/angular,NativeScript,NativeScript,21400,https://github.com//NativeScript/NativeScript
160,Angular,https://github.com//topics/angular,jhipster,generator-jhipster,19800,https://github.com//jhipster/generator-jhipster
161,Angular,https://github.com//topics/angular,goldbergyoni,javascript-testing-best-practices,18300,https://github.com//goldbergyoni/javascript-testing-best-practices
162,Angular,https://github.com//topics/angular,pubkey,rxdb,17700,https://github.com//pubkey/rxdb
163,Angular,https://github.com//topics/angular,handsontable,handsontable,16900,https://github.com//handsontable/handsontable
164,Angular,https://github.com//topics/angular,teambit,bit,15500,https://github.com//teambit/bit
165,Angular,https://github.com//topics/angular,sweetalert2,sweetalert2,14800,https://github.com//sweetalert2/sweetalert2
166,Angular,https://github.com//topics/angular,nrwl,nx,13700,https://github.com//nrwl/nx
167,Angular,https://github.com//topics/angular,linnovate,mean,12200,https://github.com//linnovate/mean
168,Angular,https://github.com//topics/angular,codesandbox,codesandbox-client,11700,https://github.com//codesandbox/codesandbox-client
169,Angular,https://github.com//topics/angular,sudheerj,javascript-interview-questions,11100,https://github.com//sudheerj/javascript-interview-questions
170,Angular,https://github.com//topics/angular,Chocobozzz,PeerTube,10800,https://github.com//Chocobozzz/PeerTube
171,Angular,https://github.com//topics/angular,PatrickJS,angular-starter,10400,https://github.com//PatrickJS/angular-starter
172,Angular,https://github.com//topics/angular,wailsapp,wails,9800,https://github.com//wailsapp/wails
173,Angular,https://github.com//topics/angular,jasontaylordev,CleanArchitecture,9100,https://github.com//jasontaylordev/CleanArchitecture
174,Angular,https://github.com//topics/angular,dotansimha,graphql-code-generator,9000,https://github.com//dotansimha/graphql-code-generator
175,Angular,https://github.com//topics/angular,ag-grid,ag-grid,8900,https://github.com//ag-grid/ag-grid
176,Angular,https://github.com//topics/angular,angular,protractor,8800,https://github.com//angular/protractor
177,Angular,https://github.com//topics/angular,OnsenUI,OnsenUI,8600,https://github.com//OnsenUI/OnsenUI
178,Angular,https://github.com//topics/angular,PatrickJS,awesome-angular,8400,https://github.com//PatrickJS/awesome-angular
179,Angular,https://github.com//topics/angular,abpframework,abp,8400,https://github.com//abpframework/abp
180,Ansible,https://github.com//topics/ansible,ansible,ansible,53900,https://github.com//ansible/ansible
181,Ansible,https://github.com//topics/ansible,bregman-arie,devops-exercises,27900,https://github.com//bregman-arie/devops-exercises
182,Ansible,https://github.com//topics/ansible,trailofbits,algo,25800,https://github.com//trailofbits/algo
183,Ansible,https://github.com//topics/ansible,StreisandEffect,streisand,22800,https://github.com//StreisandEffect/streisand
184,Ansible,https://github.com//topics/ansible,MichaelCade,90DaysOfDevOps,15700,https://github.com//MichaelCade/90DaysOfDevOps
185,Ansible,https://github.com//topics/ansible,kubernetes-sigs,kubespray,12600,https://github.com//kubernetes-sigs/kubespray
186,Ansible,https://github.com//topics/ansible,ansible,awx,11200,https://github.com//ansible/awx
187,Ansible,https://github.com//topics/ansible,easzlab,kubeasz,8300,https://github.com//easzlab/kubeasz
188,Ansible,https://github.com//topics/ansible,geerlingguy,ansible-for-devops,6000,https://github.com//geerlingguy/ansible-for-devops
189,Ansible,https://github.com//topics/ansible,khuedoan,homelab,5900,https://github.com//khuedoan/homelab
190,Ansible,https://github.com//topics/ansible,curlconverter,curlconverter,5700,https://github.com//curlconverter/curlconverter
191,Ansible,https://github.com//topics/ansible,ansible-semaphore,semaphore,5100,https://github.com//ansible-semaphore/semaphore
192,Ansible,https://github.com//topics/ansible,Tikam02,DevOps-Guide,5000,https://github.com//Tikam02/DevOps-Guide
193,Ansible,https://github.com//topics/ansible,geerlingguy,mac-dev-playbook,4700,https://github.com//geerlingguy/mac-dev-playbook
194,Ansible,https://github.com//topics/ansible,rundeck,rundeck,4600,https://github.com//rundeck/rundeck
195,Ansible,https://github.com//topics/ansible,KubeOperator,KubeOperator,4400,https://github.com//KubeOperator/KubeOperator
196,Ansible,https://github.com//topics/ansible,clong,DetectionLab,3700,https://github.com//clong/DetectionLab
197,Ansible,https://github.com//topics/ansible,netbootxyz,netboot.xyz,3400,https://github.com//netbootxyz/netboot.xyz
198,Ansible,https://github.com//topics/ansible,ansible-community,molecule,3400,https://github.com//ansible-community/molecule
199,Ansible,https://github.com//topics/ansible,werf,werf,3300,https://github.com//werf/werf
200,Ansible,https://github.com//topics/ansible,opendevops-cn,opendevops,3200,https://github.com//opendevops-cn/opendevops
201,Ansible,https://github.com//topics/ansible,litmuschaos,litmus,3100,https://github.com//litmuschaos/litmus
202,Ansible,https://github.com//topics/ansible,welliamcao,OpsManage,3000,https://github.com//welliamcao/OpsManage
203,Ansible,https://github.com//topics/ansible,ansible,ansible-lint,2800,https://github.com//ansible/ansible-lint
204,Ansible,https://github.com//topics/ansible,dev-sec,ansible-collection-hardening,2800,https://github.com//dev-sec/ansible-collection-hardening
205,Ansible,https://github.com//topics/ansible,alixaxel,chrome-aws-lambda,2700,https://github.com//alixaxel/chrome-aws-lambda
206,Ansible,https://github.com//topics/ansible,roots,trellis,2300,https://github.com//roots/trellis
207,Ansible,https://github.com//topics/ansible,ansistrano,deploy,2200,https://github.com//ansistrano/deploy
208,Ansible,https://github.com//topics/ansible,fboender,ansible-cmdb,2100,https://github.com//fboender/ansible-cmdb
209,Ansible,https://github.com//topics/ansible,pytest-dev,pytest-testinfra,2100,https://github.com//pytest-dev/pytest-testinfra
210,API,https://github.com//topics/api,public-apis,public-apis,202000,https://github.com//public-apis/public-apis
211,API,https://github.com//topics/api,neovim,neovim,55900,https://github.com//neovim/neovim
212,API,https://github.com//topics/api,tiangolo,fastapi,47500,https://github.com//tiangolo/fastapi
213,API,https://github.com//topics/api,strapi,strapi,46400,https://github.com//strapi/strapi
214,API,https://github.com//topics/api,hoppscotch,hoppscotch,45200,https://github.com//hoppscotch/hoppscotch
215,API,https://github.com//topics/api,slatedocs,slate,34300,https://github.com//slatedocs/slate
216,API,https://github.com//topics/api,meilisearch,meilisearch,28100,https://github.com//meilisearch/meilisearch
217,API,https://github.com//topics/api,hasura,graphql-engine,27500,https://github.com//hasura/graphql-engine
218,API,https://github.com//topics/api,ccxt,ccxt,25200,https://github.com//ccxt/ccxt
219,API,https://github.com//topics/api,Binaryify,NeteaseCloudMusicApi,25000,https://github.com//Binaryify/NeteaseCloudMusicApi
220,API,https://github.com//topics/api,YMFE,yapi,24700,https://github.com//YMFE/yapi
221,API,https://github.com//topics/api,encode,django-rest-framework,23800,https://github.com//encode/django-rest-framework
222,API,https://github.com//topics/api,httpie,httpie,22700,https://github.com//httpie/httpie
223,API,https://github.com//topics/api,littlecodersh,ItChat,22300,https://github.com//littlecodersh/ItChat
224,API,https://github.com//topics/api,Kong,insomnia,21700,https://github.com//Kong/insomnia
225,API,https://github.com//topics/api,paularmstrong,normalizr,20900,https://github.com//paularmstrong/normalizr
226,API,https://github.com//topics/api,FallibleInc,security-guide-for-developers,20300,https://github.com//FallibleInc/security-guide-for-developers
227,API,https://github.com//topics/api,microsoft,api-guidelines,19800,https://github.com//microsoft/api-guidelines
228,API,https://github.com//topics/api,pubkey,rxdb,17700,https://github.com//pubkey/rxdb
229,API,https://github.com//topics/api,shieldfy,API-Security-Checklist,17500,https://github.com//shieldfy/API-Security-Checklist
230,API,https://github.com//topics/api,directus,directus,17000,https://github.com//directus/directus
231,API,https://github.com//topics/api,ChainSafe,web3.js,15600,https://github.com//ChainSafe/web3.js
232,API,https://github.com//topics/api,learn-anything,learn-anything,14100,https://github.com//learn-anything/learn-anything
233,API,https://github.com//topics/api,youfou,wxpy,13300,https://github.com//youfou/wxpy
234,API,https://github.com//topics/api,jsdoc,jsdoc,13000,https://github.com//jsdoc/jsdoc
235,API,https://github.com//topics/api,OpenAPITools,openapi-generator,13000,https://github.com//OpenAPITools/openapi-generator
236,API,https://github.com//topics/api,BrainJS,brain.js,12900,https://github.com//BrainJS/brain.js
237,API,https://github.com//topics/api,fangzesheng,free-api,12500,https://github.com//fangzesheng/free-api
238,API,https://github.com//topics/api,go-chi,chi,11800,https://github.com//go-chi/chi
239,API,https://github.com//topics/api,graphile,postgraphile,11400,https://github.com//graphile/postgraphile
240,Arduino,https://github.com//topics/arduino,arendst,Tasmota,18000,https://github.com//arendst/Tasmota
241,Arduino,https://github.com//topics/arduino,MarlinFirmware,Marlin,13500,https://github.com//MarlinFirmware/Marlin
242,Arduino,https://github.com//topics/arduino,arduino,Arduino,13000,https://github.com//arduino/Arduino
243,Arduino,https://github.com//topics/arduino,rwaldron,johnny-five,12700,https://github.com//rwaldron/johnny-five
244,Arduino,https://github.com//topics/arduino,tinygo-org,tinygo,11200,https://github.com//tinygo-org/tinygo
245,Arduino,https://github.com//topics/arduino,SpacehuhnTech,esp8266_deauther,10200,https://github.com//SpacehuhnTech/esp8266_deauther
246,Arduino,https://github.com//topics/arduino,espressif,arduino-esp32,9000,https://github.com//espressif/arduino-esp32
247,Arduino,https://github.com//topics/arduino,hybridgroup,gobot,7800,https://github.com//hybridgroup/gobot
248,Arduino,https://github.com//topics/arduino,gurugio,lowlevelprogramming-university,7700,https://github.com//gurugio/lowlevelprogramming-university
249,Arduino,https://github.com//topics/arduino,platformio,platformio-core,6000,https://github.com//platformio/platformio-core
250,Arduino,https://github.com//topics/arduino,bblanchon,ArduinoJson,5700,https://github.com//bblanchon/ArduinoJson
251,Arduino,https://github.com//topics/arduino,tzapu,WiFiManager,5300,https://github.com//tzapu/WiFiManager
252,Arduino,https://github.com//topics/arduino,hybridgroup,cylon,3900,https://github.com//hybridgroup/cylon
253,Arduino,https://github.com//topics/arduino,Arduino-IRremote,Arduino-IRremote,3700,https://github.com//Arduino-IRremote/Arduino-IRremote
254,Arduino,https://github.com//topics/arduino,arduino,arduino-cli,3500,https://github.com//arduino/arduino-cli
255,Arduino,https://github.com//topics/arduino,blynkkk,blynk-library,3500,https://github.com//blynkkk/blynk-library
256,Arduino,https://github.com//topics/arduino,NectarJS,nectarjs,3300,https://github.com//NectarJS/nectarjs
257,Arduino,https://github.com//topics/arduino,olikraus,u8g2,3200,https://github.com//olikraus/u8g2
258,Arduino,https://github.com//topics/arduino,ClemensElflein,OpenMower,3100,https://github.com//ClemensElflein/OpenMower
259,Arduino,https://github.com//topics/arduino,Serial-Studio,Serial-Studio,2800,https://github.com//Serial-Studio/Serial-Studio
260,Arduino,https://github.com//topics/arduino,1technophile,OpenMQTTGateway,2600,https://github.com//1technophile/OpenMQTTGateway
261,Arduino,https://github.com//topics/arduino,scottbez1,splitflap,2400,https://github.com//scottbez1/splitflap
262,Arduino,https://github.com//topics/arduino,scottlawsonbc,audio-reactive-led-strip,2300,https://github.com//scottlawsonbc/audio-reactive-led-strip
263,Arduino,https://github.com//topics/arduino,isl-org,OpenBot,2200,https://github.com//isl-org/OpenBot
264,Arduino,https://github.com//topics/arduino,crankyoldgit,IRremoteESP8266,2200,https://github.com//crankyoldgit/IRremoteESP8266
265,Arduino,https://github.com//topics/arduino,Bodmer,TFT_eSPI,2000,https://github.com//Bodmer/TFT_eSPI
266,Arduino,https://github.com//topics/arduino,stm32duino,Arduino_Core_STM32,2000,https://github.com//stm32duino/Arduino_Core_STM32
267,Arduino,https://github.com//topics/arduino,nRF24,RF24,1900,https://github.com//nRF24/RF24
268,Arduino,https://github.com//topics/arduino,blinker-iot,blinker-library,1900,https://github.com//blinker-iot/blinker-library
269,Arduino,https://github.com//topics/arduino,ThingPulse,esp8266-oled-ssd1306,1700,https://github.com//ThingPulse/esp8266-oled-ssd1306
270,ASP.NET,https://github.com//topics/aspnet,dotnet,AspNetCore.Docs,10700,https://github.com//dotnet/AspNetCore.Docs
271,ASP.NET,https://github.com//topics/aspnet,aspnetboilerplate,aspnetboilerplate,10500,https://github.com//aspnetboilerplate/aspnetboilerplate
272,ASP.NET,https://github.com//topics/aspnet,bitwarden,server,10100,https://github.com//bitwarden/server
273,ASP.NET,https://github.com//topics/aspnet,abpframework,abp,8400,https://github.com//abpframework/abp
274,ASP.NET,https://github.com//topics/aspnet,nopSolutions,nopCommerce,7400,https://github.com//nopSolutions/nopCommerce
275,ASP.NET,https://github.com//topics/aspnet,ElectronNET,Electron.NET,6400,https://github.com//ElectronNET/Electron.NET
276,ASP.NET,https://github.com//topics/aspnet,RicoSuter,NSwag,5200,https://github.com//RicoSuter/NSwag
277,ASP.NET,https://github.com//topics/aspnet,thangchung,clean-code-dotnet,5200,https://github.com//thangchung/clean-code-dotnet
278,ASP.NET,https://github.com//topics/aspnet,smartstore,SmartStoreNET,2500,https://github.com//smartstore/SmartStoreNET
279,ASP.NET,https://github.com//topics/aspnet,JimBobSquarePants,ImageProcessor,2500,https://github.com//JimBobSquarePants/ImageProcessor
280,ASP.NET,https://github.com//topics/aspnet,dotnet,aspnet-api-versioning,2300,https://github.com//dotnet/aspnet-api-versioning
281,ASP.NET,https://github.com//topics/aspnet,serenity-is,Serenity,2200,https://github.com//serenity-is/Serenity
282,ASP.NET,https://github.com//topics/aspnet,loic-sharma,BaGet,2100,https://github.com//loic-sharma/BaGet
283,ASP.NET,https://github.com//topics/aspnet,mjebrahimi,Awesome-Microservices-DotNet,1900,https://github.com//mjebrahimi/Awesome-Microservices-DotNet
284,ASP.NET,https://github.com//topics/aspnet,TrilonIO,aspnetcore-angular-universal,1500,https://github.com//TrilonIO/aspnetcore-angular-universal
285,ASP.NET,https://github.com//topics/aspnet,TrilonIO,aspnetcore-Vue-starter,1200,https://github.com//TrilonIO/aspnetcore-Vue-starter
286,ASP.NET,https://github.com//topics/aspnet,MarimerLLC,csla,1000,https://github.com//MarimerLLC/csla
287,ASP.NET,https://github.com//topics/aspnet,riganti,dotvvm,620,https://github.com//riganti/dotvvm
288,ASP.NET,https://github.com//topics/aspnet,antonioCoco,SharPyShell,612,https://github.com//antonioCoco/SharPyShell
289,ASP.NET,https://github.com//topics/aspnet,cornflourblue,aspnet-core-3-jwt-authentication-api,614,https://github.com//cornflourblue/aspnet-core-3-jwt-authentication-api
290,ASP.NET,https://github.com//topics/aspnet,json-api-dotnet,JsonApiDotNetCore,574,https://github.com//json-api-dotnet/JsonApiDotNetCore
291,ASP.NET,https://github.com//topics/aspnet,chsakell,mvcarchitecture,461,https://github.com//chsakell/mvcarchitecture
292,ASP.NET,https://github.com//topics/aspnet,brthor,Gofer.NET,449,https://github.com//brthor/Gofer.NET
293,ASP.NET,https://github.com//topics/aspnet,YAFNET,YAFNET,431,https://github.com//YAFNET/YAFNET
294,ASP.NET,https://github.com//topics/aspnet,IvanJosipovic,BlazorTable,410,https://github.com//IvanJosipovic/BlazorTable
295,ASP.NET,https://github.com//topics/aspnet,SapphireDb,SapphireDb,382,https://github.com//SapphireDb/SapphireDb
296,ASP.NET,https://github.com//topics/aspnet,Maarten88,rrod,378,https://github.com//Maarten88/rrod
297,ASP.NET,https://github.com//topics/aspnet,Taritsyn,WebMarkupMin,376,https://github.com//Taritsyn/WebMarkupMin
298,ASP.NET,https://github.com//topics/aspnet,smartstore,Smartstore,355,https://github.com//smartstore/Smartstore
299,ASP.NET,https://github.com//topics/aspnet,chsakell,aspnet-core-identity,372,https://github.com//chsakell/aspnet-core-identity
300,Atom,https://github.com//topics/atom,atom,atom,58300,https://github.com//atom/atom
301,Atom,https://github.com//topics/atom,themerdev,themer,4800,https://github.com//themerdev/themer
302,Atom,https://github.com//topics/atom,nteract,hydrogen,3800,https://github.com//nteract/hydrogen
303,Atom,https://github.com//topics/atom,miniflux,v2,3800,https://github.com//miniflux/v2
304,Atom,https://github.com//topics/atom,shd101wyy,markdown-preview-enhanced,3700,https://github.com//shd101wyy/markdown-preview-enhanced
305,Atom,https://github.com//topics/atom,atom,teletype,2400,https://github.com//atom/teletype
306,Atom,https://github.com//topics/atom,mmcdole,gofeed,1900,https://github.com//mmcdole/gofeed
307,Atom,https://github.com//topics/atom,mehcode,awesome-atom,1900,https://github.com//mehcode/awesome-atom
308,Atom,https://github.com//topics/atom,joefitzgerald,go-plus,1500,https://github.com//joefitzgerald/go-plus
309,Atom,https://github.com//topics/atom,Glavin001,atom-beautify,1500,https://github.com//Glavin001/atom-beautify
310,Atom,https://github.com//topics/atom,simplepie,simplepie,1500,https://github.com//simplepie/simplepie
311,Atom,https://github.com//topics/atom,kurtmckee,feedparser,1400,https://github.com//kurtmckee/feedparser
312,Atom,https://github.com//topics/atom,ocaml,merlin,1400,https://github.com//ocaml/merlin
313,Atom,https://github.com//topics/atom,t9md,atom-vim-mode-plus,1400,https://github.com//t9md/atom-vim-mode-plus
314,Atom,https://github.com//topics/atom,MagicStack,MagicPython,1300,https://github.com//MagicStack/MagicPython
315,Atom,https://github.com//topics/atom,atom,apm,1300,https://github.com//atom/apm
316,Atom,https://github.com//topics/atom,file-icons,atom,1200,https://github.com//file-icons/atom
317,Atom,https://github.com//topics/atom,kettanaito,atomic-layout,1100,https://github.com//kettanaito/atomic-layout
318,Atom,https://github.com//topics/atom,atom,github,1000,https://github.com//atom/github
319,Atom,https://github.com//topics/atom,nmdias,FeedKit,999,https://github.com//nmdias/FeedKit
320,Atom,https://github.com//topics/atom,nathanbuchar,atom-one-dark-terminal,973,https://github.com//nathanbuchar/atom-one-dark-terminal
321,Atom,https://github.com//topics/atom,fwcd,kotlin-language-server,972,https://github.com//fwcd/kotlin-language-server
322,Atom,https://github.com//topics/atom,danhper,atomic-chrome,926,https://github.com//danhper/atomic-chrome
323,Atom,https://github.com//topics/atom,jesseweed,seti-ui,901,https://github.com//jesseweed/seti-ui
324,Atom,https://github.com//topics/atom,jpmonette,feed,815,https://github.com//jpmonette/feed
325,Atom,https://github.com//topics/atom,feeddd,feeds,792,https://github.com//feeddd/feeds
326,Atom,https://github.com//topics/atom,prettier,prettier-atom,778,https://github.com//prettier/prettier-atom
327,Atom,https://github.com//topics/atom,raphamorim,lucario,748,https://github.com//raphamorim/lucario
328,Atom,https://github.com//topics/atom,atom-community,atom-script,740,https://github.com//atom-community/atom-script
329,Atom,https://github.com//topics/atom,martinrotter,rssguard,735,https://github.com//martinrotter/rssguard
330,Awesome Lists,https://github.com//topics/awesome,sindresorhus,awesome,211000,https://github.com//sindresorhus/awesome
331,Awesome Lists,https://github.com//topics/awesome,vinta,awesome-python,135000,https://github.com//vinta/awesome-python
332,Awesome Lists,https://github.com//topics/awesome,awesome-selfhosted,awesome-selfhosted,96100,https://github.com//awesome-selfhosted/awesome-selfhosted
333,Awesome Lists,https://github.com//topics/awesome,avelino,awesome-go,84400,https://github.com//avelino/awesome-go
334,Awesome Lists,https://github.com//topics/awesome,trimstray,the-book-of-secret-knowledge,73100,https://github.com//trimstray/the-book-of-secret-knowledge
335,Awesome Lists,https://github.com//topics/awesome,papers-we-love,papers-we-love,62900,https://github.com//papers-we-love/papers-we-love
336,Awesome Lists,https://github.com//topics/awesome,521xueweihan,HelloGitHub,57500,https://github.com//521xueweihan/HelloGitHub
337,Awesome Lists,https://github.com//topics/awesome,Hack-with-Github,Awesome-Hacking,53500,https://github.com//Hack-with-Github/Awesome-Hacking
338,Awesome Lists,https://github.com//topics/awesome,jaywcjlove,awesome-mac,51400,https://github.com//jaywcjlove/awesome-mac
339,Awesome Lists,https://github.com//topics/awesome,DopplerHQ,awesome-interview-questions,48000,https://github.com//DopplerHQ/awesome-interview-questions
340,Awesome Lists,https://github.com//topics/awesome,sindresorhus,awesome-nodejs,45700,https://github.com//sindresorhus/awesome-nodejs
341,Awesome Lists,https://github.com//topics/awesome,wasabeef,awesome-android-ui,43200,https://github.com//wasabeef/awesome-android-ui
342,Awesome Lists,https://github.com//topics/awesome,MunGell,awesome-for-beginners,41800,https://github.com//MunGell/awesome-for-beginners
343,Awesome Lists,https://github.com//topics/awesome,Solido,awesome-flutter,41700,https://github.com//Solido/awesome-flutter
344,Awesome Lists,https://github.com//topics/awesome,prakhar1989,awesome-courses,41500,https://github.com//prakhar1989/awesome-courses
345,Awesome Lists,https://github.com//topics/awesome,vsouza,awesome-ios,40000,https://github.com//vsouza/awesome-ios
346,Awesome Lists,https://github.com//topics/awesome,binhnguyennus,awesome-scalability,39600,https://github.com//binhnguyennus/awesome-scalability
347,Awesome Lists,https://github.com//topics/awesome,fffaraz,awesome-cpp,38800,https://github.com//fffaraz/awesome-cpp
348,Awesome Lists,https://github.com//topics/awesome,tiimgreen,github-cheat-sheet,35900,https://github.com//tiimgreen/github-cheat-sheet
349,Awesome Lists,https://github.com//topics/awesome,dypsilon,frontend-dev-bookmarks,34500,https://github.com//dypsilon/frontend-dev-bookmarks
350,Awesome Lists,https://github.com//topics/awesome,akullpp,awesome-java,32800,https://github.com//akullpp/awesome-java
351,Awesome Lists,https://github.com//topics/awesome,serhii-londar,open-source-mac-os-apps,31300,https://github.com//serhii-londar/open-source-mac-os-apps
352,Awesome Lists,https://github.com//topics/awesome,brillout,awesome-react-components,31200,https://github.com//brillout/awesome-react-components
353,Awesome Lists,https://github.com//topics/awesome,dkhamsing,open-source-ios-apps,31000,https://github.com//dkhamsing/open-source-ios-apps
354,Awesome Lists,https://github.com//topics/awesome,rust-unofficial,awesome-rust,27200,https://github.com//rust-unofficial/awesome-rust
355,Awesome Lists,https://github.com//topics/awesome,ziadoz,awesome-php,26900,https://github.com//ziadoz/awesome-php
356,Awesome Lists,https://github.com//topics/awesome,herrbischoff,awesome-macos-command-line,25900,https://github.com//herrbischoff/awesome-macos-command-line
357,Awesome Lists,https://github.com//topics/awesome,goabstract,Awesome-Design-Tools,25500,https://github.com//goabstract/Awesome-Design-Tools
358,Awesome Lists,https://github.com//topics/awesome,alebcay,awesome-shell,24200,https://github.com//alebcay/awesome-shell
359,Awesome Lists,https://github.com//topics/awesome,sindresorhus,awesome-electron,23000,https://github.com//sindresorhus/awesome-electron
360,Amazon Web Services,https://github.com//topics/aws,serverless,serverless,43100,https://github.com//serverless/serverless
361,Amazon Web Services,https://github.com//topics/aws,localstack,localstack,42200,https://github.com//localstack/localstack
362,Amazon Web Services,https://github.com//topics/aws,bregman-arie,devops-exercises,27900,https://github.com//bregman-arie/devops-exercises
363,Amazon Web Services,https://github.com//topics/aws,donnemartin,data-science-ipython-notebooks,23400,https://github.com//donnemartin/data-science-ipython-notebooks
364,Amazon Web Services,https://github.com//topics/aws,pulumi,pulumi,13100,https://github.com//pulumi/pulumi
365,Amazon Web Services,https://github.com//topics/aws,ramitsurana,awesome-kubernetes,12900,https://github.com//ramitsurana/awesome-kubernetes
366,Amazon Web Services,https://github.com//topics/aws,aws,aws-cli,12700,https://github.com//aws/aws-cli
367,Amazon Web Services,https://github.com//topics/aws,kubernetes-sigs,kubespray,12600,https://github.com//kubernetes-sigs/kubespray
368,Amazon Web Services,https://github.com//topics/aws,donnemartin,awesome-aws,10500,https://github.com//donnemartin/awesome-aws
369,Amazon Web Services,https://github.com//topics/aws,mozilla,sops,10300,https://github.com//mozilla/sops
370,Amazon Web Services,https://github.com//topics/aws,apereo,cas,9600,https://github.com//apereo/cas
371,Amazon Web Services,https://github.com//topics/aws,aws,chalice,9000,https://github.com//aws/chalice
372,Amazon Web Services,https://github.com//topics/aws,aws,aws-cdk,9000,https://github.com//aws/aws-cdk
373,Amazon Web Services,https://github.com//topics/aws,caprover,caprover,8900,https://github.com//caprover/caprover
374,Amazon Web Services,https://github.com//topics/aws,aws-amplify,amplify-js,8800,https://github.com//aws-amplify/amplify-js
375,Amazon Web Services,https://github.com//topics/aws,aws,serverless-application-model,8600,https://github.com//aws/serverless-application-model
376,Amazon Web Services,https://github.com//topics/aws,apex,up,8600,https://github.com//apex/up
377,Amazon Web Services,https://github.com//topics/aws,google,go-cloud,8500,https://github.com//google/go-cloud
378,Amazon Web Services,https://github.com//topics/aws,angristan,openvpn-install,8400,https://github.com//angristan/openvpn-install
379,Amazon Web Services,https://github.com//topics/aws,GoogleCloudPlatform,terraformer,8100,https://github.com//GoogleCloudPlatform/terraformer
380,Amazon Web Services,https://github.com//topics/aws,aws,aws-sdk-go,7700,https://github.com//aws/aws-sdk-go
381,Amazon Web Services,https://github.com//topics/aws,serverless-stack,sst,7600,https://github.com//serverless-stack/sst
382,Amazon Web Services,https://github.com//topics/aws,hashicorp,terraform-provider-aws,7500,https://github.com//hashicorp/terraform-provider-aws
383,Amazon Web Services,https://github.com//topics/aws,infracost,infracost,7500,https://github.com//infracost/infracost
384,Amazon Web Services,https://github.com//topics/aws,boto,boto3,7400,https://github.com//boto/boto3
385,Amazon Web Services,https://github.com//topics/aws,aws,amazon-sagemaker-examples,7100,https://github.com//aws/amazon-sagemaker-examples
386,Amazon Web Services,https://github.com//topics/aws,aws,aws-sdk-js,7100,https://github.com//aws/aws-sdk-js
387,Amazon Web Services,https://github.com//topics/aws,awslabs,aws-shell,6600,https://github.com//awslabs/aws-shell
388,Amazon Web Services,https://github.com//topics/aws,99designs,aws-vault,6500,https://github.com//99designs/aws-vault
389,Amazon Web Services,https://github.com//topics/aws,gruntwork-io,terratest,6200,https://github.com//gruntwork-io/terratest
390,Azure,https://github.com//topics/azure,bregman-arie,devops-exercises,27900,https://github.com//bregman-arie/devops-exercises
391,Azure,https://github.com//topics/azure,microsoft,recommenders,13600,https://github.com//microsoft/recommenders
392,Azure,https://github.com//topics/azure,pulumi,pulumi,13100,https://github.com//pulumi/pulumi
393,Azure,https://github.com//topics/azure,ramitsurana,awesome-kubernetes,12900,https://github.com//ramitsurana/awesome-kubernetes
394,Azure,https://github.com//topics/azure,Azure,azure-quickstart-templates,11900,https://github.com//Azure/azure-quickstart-templates
395,Azure,https://github.com//topics/azure,mozilla,sops,10300,https://github.com//mozilla/sops
396,Azure,https://github.com//topics/azure,caprover,caprover,8900,https://github.com//caprover/caprover
397,Azure,https://github.com//topics/azure,microsoft,computervision-recipes,8600,https://github.com//microsoft/computervision-recipes
398,Azure,https://github.com//topics/azure,google,go-cloud,8500,https://github.com//google/go-cloud
399,Azure,https://github.com//topics/azure,infracost,infracost,7500,https://github.com//infracost/infracost
400,Azure,https://github.com//topics/azure,microsoft,azuredatastudio,6900,https://github.com//microsoft/azuredatastudio
401,Azure,https://github.com//topics/azure,node-formidable,formidable,6300,https://github.com//node-formidable/formidable
402,Azure,https://github.com//topics/azure,midwayjs,midway,5900,https://github.com//midwayjs/midway
403,Azure,https://github.com//topics/azure,thangchung,clean-code-dotnet,5200,https://github.com//thangchung/clean-code-dotnet
404,Azure,https://github.com//topics/azure,aquasecurity,tfsec,4800,https://github.com//aquasecurity/tfsec
405,Azure,https://github.com//topics/azure,budtmo,docker-android,4700,https://github.com//budtmo/docker-android
406,Azure,https://github.com//topics/azure,nccgroup,ScoutSuite,4500,https://github.com//nccgroup/ScoutSuite
407,Azure,https://github.com//topics/azure,bridgecrewio,checkov,4400,https://github.com//bridgecrewio/checkov
408,Azure,https://github.com//topics/azure,cloud-custodian,cloud-custodian,4200,https://github.com//cloud-custodian/cloud-custodian
409,Azure,https://github.com//topics/azure,Azure,autorest,3900,https://github.com//Azure/autorest
410,Azure,https://github.com//topics/azure,Azure,azure-sdk-for-net,3900,https://github.com//Azure/azure-sdk-for-net
411,Azure,https://github.com//topics/azure,simov,grant,3700,https://github.com//simov/grant
412,Azure,https://github.com//topics/azure,hashicorp,terraform-provider-azurerm,3500,https://github.com//hashicorp/terraform-provider-azurerm
413,Azure,https://github.com//topics/azure,microsoft,SynapseML,3400,https://github.com//microsoft/SynapseML
414,Azure,https://github.com//topics/azure,Azure,MachineLearningNotebooks,3300,https://github.com//Azure/MachineLearningNotebooks
415,Azure,https://github.com//topics/azure,Azure,azure-powershell,3200,https://github.com//Azure/azure-powershell
416,Azure,https://github.com//topics/azure,sottlmarek,DevSecOps,3200,https://github.com//sottlmarek/DevSecOps
417,Azure,https://github.com//topics/azure,Azure,azure-cli,3200,https://github.com//Azure/azure-cli
418,Azure,https://github.com//topics/azure,learntocloud,learn-to-cloud,2900,https://github.com//learntocloud/learn-to-cloud
419,Azure,https://github.com//topics/azure,Azure,azure-sdk-for-python,2900,https://github.com//Azure/azure-sdk-for-python
420,Babel,https://github.com//topics/babel,babel,babel,41100,https://github.com//babel/babel
421,Babel,https://github.com//topics/babel,nylas,nylas-mail,24700,https://github.com//nylas/nylas-mail
422,Babel,https://github.com//topics/babel,swc-project,swc,23100,https://github.com//swc-project/swc
423,Babel,https://github.com//topics/babel,kriasoft,react-starter-kit,21300,https://github.com//kriasoft/react-starter-kit
424,Babel,https://github.com//topics/babel,electron-react-boilerplate,electron-react-boilerplate,19900,https://github.com//electron-react-boilerplate/electron-react-boilerplate
425,Babel,https://github.com//topics/babel,avajs,ava,19900,https://github.com//avajs/ava
426,Babel,https://github.com//topics/babel,SimulatedGREG,electron-vue,15000,https://github.com//SimulatedGREG/electron-vue
427,Babel,https://github.com//topics/babel,grab,front-end-guide,14500,https://github.com//grab/front-end-guide
428,Babel,https://github.com//topics/babel,jamiebuilds,babel-handbook,11100,https://github.com//jamiebuilds/babel-handbook
429,Babel,https://github.com//topics/babel,grommet,grommet,8000,https://github.com//grommet/grommet
430,Babel,https://github.com//topics/babel,developit,htm,7800,https://github.com//developit/htm
431,Babel,https://github.com//topics/babel,angular-fullstack,generator-angular-fullstack,6100,https://github.com//angular-fullstack/generator-angular-fullstack
432,Babel,https://github.com//topics/babel,ben-rogerson,twin.macro,6000,https://github.com//ben-rogerson/twin.macro
433,Babel,https://github.com//topics/babel,documentationjs,documentation,5600,https://github.com//documentationjs/documentation
434,Babel,https://github.com//topics/babel,insin,nwb,5500,https://github.com//insin/nwb
435,Babel,https://github.com//topics/babel,egoist,poi,5300,https://github.com//egoist/poi
436,Babel,https://github.com//topics/babel,thinkjs,thinkjs,5300,https://github.com//thinkjs/thinkjs
437,Babel,https://github.com//topics/babel,fkling,astexplorer,4800,https://github.com//fkling/astexplorer
438,Babel,https://github.com//topics/babel,transitive-bullshit,create-react-library,4700,https://github.com//transitive-bullshit/create-react-library
439,Babel,https://github.com//topics/babel,babel,babel-loader,4600,https://github.com//babel/babel-loader
440,Babel,https://github.com//topics/babel,duxianwei520,react,4600,https://github.com//duxianwei520/react
441,Babel,https://github.com//topics/babel,jaredpalmer,backpack,4500,https://github.com//jaredpalmer/backpack
442,Babel,https://github.com//topics/babel,babel,minify,4300,https://github.com//babel/minify
443,Babel,https://github.com//topics/babel,thx,gogocode,3500,https://github.com//thx/gogocode
444,Babel,https://github.com//topics/babel,tleunen,babel-plugin-module-resolver,3200,https://github.com//tleunen/babel-plugin-module-resolver
445,Babel,https://github.com//topics/babel,privatenumber,esbuild-loader,3000,https://github.com//privatenumber/esbuild-loader
446,Babel,https://github.com//topics/babel,andywer,webpack-blocks,3000,https://github.com//andywer/webpack-blocks
447,Babel,https://github.com//topics/babel,babel,babel-eslint,3000,https://github.com//babel/babel-eslint
448,Babel,https://github.com//topics/babel,kunalkapadia,express-mongoose-es6-rest-api,2900,https://github.com//kunalkapadia/express-mongoose-es6-rest-api
449,Babel,https://github.com//topics/babel,kentcdodds,babel-plugin-macros,2500,https://github.com//kentcdodds/babel-plugin-macros
